taxon6,taxon6_2,count,regulation
bin1|Clostridiales,No_species_annotation,5,0
bin10|Parabacteroides,Parabacteroides_goldsteinii,22,0
bin11|Clostridiales,Enterocloster_clostridioformis,1,0
bin11|Clostridiales,Marvinbryantia_formatexigens,1,0
bin11|Clostridiales,Mediterraneibacter_agrestimuris,1,0
bin11|Clostridiales,No_species_annotation,43,0
bin12|Lachnospiraceae,No_species_annotation,76,0
bin13|Lachnospiraceae,Enterocloster_clostridioformis,1,0
bin13|Lachnospiraceae,Dorea_sp52,7,0
bin13|Lachnospiraceae,Enterococcus_gallinarum,1,0
bin13|Lachnospiraceae,Anaerotruncus_spG3,1,0
bin13|Lachnospiraceae,Schaedlerella_arabinosiphila,2,0
bin13|Lachnospiraceae,Acetatifactor_aquisgranensis,1,0
bin13|Lachnospiraceae,No_species_annotation,50,0
bin14|Oscillibacter,Anaerotruncus_spG3,1,0
bin14|Oscillibacter,No_species_annotation,23,0
bin15|Firmicutes,Erysipelatoclostridium_innocuum,61,0
bin15|Firmicutes,Clostridium_innocuum,4,0
bin16|Lachnospiraceae,Enterocloster_aldenensis,136,0
bin16|Lachnospiraceae,Enterocloster_clostridioformis,5,0
bin16|Lachnospiraceae,Hungatella_hathewayi,2,0
bin16|Lachnospiraceae,No_species_annotation,5,0
bin17|Lachnospiraceae,Dorea_sp52,4,0
bin17|Lachnospiraceae,Acutalibacter_muris,3,0
bin17|Lachnospiraceae,Anaerotruncus_spG3,2,0
bin17|Lachnospiraceae,Acetatifactor_aquisgranensis,1,0
bin17|Lachnospiraceae,Schaedlerella_arabinosiphila,1,0
bin17|Lachnospiraceae,No_species_annotation,23,0
bin18|Coprobacillus,Coprobacillus_cateniformis,137,0
bin18|Coprobacillus,Clostridium_scindens,1,0
bin18|Coprobacillus,Blautia_pseudococcoides,1,0
bin18|Coprobacillus,No_species_annotation,2,0
bin19|Clostridiales,Enterocloster_clostridioformis,4,0
bin19|Clostridiales,Faecalibacterium_prausnitzii,1,0
bin19|Clostridiales,Dorea_sp52,2,0
bin19|Clostridiales,Hominisplanchenecus_murintestinalis,2,0
bin19|Clostridiales,Schaedlerella_arabinosiphila,4,0
bin19|Clostridiales,Acetatifactor_aquisgranensis,2,0
bin19|Clostridiales,No_species_annotation,81,0
bin2|Lachnospiraceae,Dorea_sp52,3,0
bin2|Lachnospiraceae,Acetatifactor_aquisgranensis,2,0
bin2|Lachnospiraceae,Clostridium_scindens,1,0
bin2|Lachnospiraceae,No_species_annotation,37,0
bin20|Bacteria,Dorea_sp52,1,0
bin20|Bacteria,Enterocloster_clostridioformis,3,0
bin20|Bacteria,Acetatifactor_aquisgranensis,1,0
bin20|Bacteria,Schaedlerella_arabinosiphila,1,0
bin20|Bacteria,Extibacter_muris,1,0
bin20|Bacteria,Coprobacillus_cateniformis,1,0
bin20|Bacteria,Blautia_pseudococcoides,1,0
bin20|Bacteria,No_species_annotation,72,0
bin21|Bacteria,Escherichia_coli,160,0
bin21|Bacteria,Shigella_flexneri,2,0
bin21|Bacteria,No_species_annotation,3,0
bin22|Lachnospiraceae,Acetatifactor_aquisgranensis,2,0
bin22|Lachnospiraceae,Enterocloster_clostridioformis,1,0
bin22|Lachnospiraceae,Dorea_sp52,2,0
bin22|Lachnospiraceae,Blautia_pseudococcoides,1,0
bin22|Lachnospiraceae,Schaedlerella_arabinosiphila,1,0
bin22|Lachnospiraceae,No_species_annotation,34,0
bin23|Clostridiales,Dorea_sp52,1,0
bin23|Clostridiales,No_species_annotation,42,0
bin24|Clostridiales,Acutalibacter_muris,1,0
bin24|Clostridiales,Simiaoa_sunii,1,0
bin24|Clostridiales,Enterocloster_aldenensis,1,0
bin24|Clostridiales,Acetatifactor_aquisgranensis,1,0
bin24|Clostridiales,Dorea_sp52,3,0
bin24|Clostridiales,Mediterraneibacter_agrestimuris,1,0
bin24|Clostridiales,Erysipelatoclostridium_innocuum,1,0
bin24|Clostridiales,Enterocloster_clostridioformis,1,0
bin24|Clostridiales,No_species_annotation,426,0
bin25|Clostridia,No_species_annotation,112,0
bin26|Oscillospiraceae,Enterocloster_clostridioformis,1,0
bin26|Oscillospiraceae,Oscillibacter_spCU971,4,0
bin26|Oscillospiraceae,Acutalibacter_muris,2,0
bin26|Oscillospiraceae,No_species_annotation,157,0
bin27|Clostridiaceae,Schaedlerella_arabinosiphila,1,0
bin27|Clostridiaceae,Enterocloster_bolteae,1,0
bin27|Clostridiaceae,Dorea_sp52,1,0
bin27|Clostridiaceae,No_species_annotation,61,0
bin28|Clostridiales,Hominisplanchenecus_murintestinalis,315,0
bin28|Clostridiales,Coprococcus_comes,1,0
bin28|Clostridiales,No_species_annotation,43,0
bin29|Clostridiales,Acutalibacter_muris,5,0
bin29|Clostridiales,No_species_annotation,24,0
bin3|Clostridiales,Dorea_sp52,2,0
bin3|Clostridiales,Mediterraneibacter_agrestimuris,1,0
bin3|Clostridiales,Schaedlerella_arabinosiphila,2,0
bin3|Clostridiales,No_species_annotation,325,0
bin30|Lachnospiraceae,Schaedlerella_arabinosiphila,2,0
bin30|Lachnospiraceae,Dorea_sp52,9,0
bin30|Lachnospiraceae,Blautia_pseudococcoides,1,0
bin30|Lachnospiraceae,No_species_annotation,19,0
bin31|Lachnospiraceae,Dorea_sp52,1,0
bin31|Lachnospiraceae,Hominisplanchenecus_murintestinalis,2,0
bin31|Lachnospiraceae,Mediterraneibacter_agrestimuris,1,0
bin31|Lachnospiraceae,Clostridium_cocleatum,1,0
bin31|Lachnospiraceae,Longicatena_caecimuris,1,0
bin31|Lachnospiraceae,No_species_annotation,44,0
bin32|Parabacteroides,Parabacteroides_goldsteinii,159,0
bin33|Oscillospiraceae,Oscillibacter_spCU971,2,0
bin33|Oscillospiraceae,No_species_annotation,120,0
bin34|Clostridiales,Mediterraneibacter_agrestimuris,1,0
bin34|Clostridiales,Streptococcus_parasuis,1,0
bin34|Clostridiales,Blautia_producta,2,0
bin34|Clostridiales,Clostridium_scindens,2,0
bin34|Clostridiales,Clostridioides_difficile,5,0
bin34|Clostridiales,Enterocloster_clostridioformis,1,0
bin34|Clostridiales,Extibacter_muris,5,0
bin34|Clostridiales,Blautia_massiliensis,1,0
bin34|Clostridiales,Acetatifactor_aquisgranensis,2,0
bin34|Clostridiales,Enterocloster_aldenensis,1,0
bin34|Clostridiales,Anaerostipes_faecis,1,0
bin34|Clostridiales,No_species_annotation,403,0
bin35|Blautia,Blautia_coccoides,38,0
bin35|Blautia,Blautia_pseudococcoides,99,0
bin35|Blautia,Enterocloster_bolteae,1,0
bin35|Blautia,Clostridium_scindens,2,0
bin35|Blautia,No_species_annotation,4,0
bin36|Clostridiales,Clostridium_symbiosum,213,0
bin36|Clostridiales,Roseburia_inulinivorans,1,0
bin36|Clostridiales,Eisenbergiella_porci,1,0
bin36|Clostridiales,Faecalibacterium_prausnitzii,1,0
bin36|Clostridiales,Erysipelatoclostridium_innocuum,1,0
bin36|Clostridiales,Enterocloster_bolteae,2,0
bin36|Clostridiales,No_species_annotation,3,0
bin37|Clostridiales,Enterocloster_clostridioformis,45,0
bin37|Clostridiales,Enterocloster_bolteae,2,0
bin37|Clostridiales,Ruthenibacterium_lactatiformans,1,0
bin37|Clostridiales,Clostridium_symbiosum,2,0
bin38|Clostridiales,Oscillibacter_spCU971,3,0
bin38|Clostridiales,Anaerotruncus_spG3,2,0
bin38|Clostridiales,Enterocloster_bolteae,1,0
bin38|Clostridiales,No_species_annotation,60,0
bin39|Clostridiales,Dorea_sp52,1,0
bin39|Clostridiales,Enterocloster_clostridioformis,1,0
bin39|Clostridiales,Mediterraneibacter_agrestimuris,1,0
bin39|Clostridiales,Enterocloster_lavalensis,1,0
bin39|Clostridiales,Schaedlerella_arabinosiphila,1,0
bin39|Clostridiales,No_species_annotation,26,0
bin4|Lachnospiraceae,Acetatifactor_aquisgranensis,11,0
bin4|Lachnospiraceae,Hominisplanchenecus_murintestinalis,1,0
bin4|Lachnospiraceae,Enterocloster_clostridioformis,1,0
bin4|Lachnospiraceae,No_species_annotation,66,0
bin40|Anaerotruncus,Anaerotruncus_spG3,102,0
bin40|Anaerotruncus,Enterocloster_bolteae,1,0
bin40|Anaerotruncus,No_species_annotation,8,0
bin41|Clostridium_sp._MD294,Clostridium_spMD294,155,0
bin42|Clostridiales,Solibaculum_mannosilyticum,1,0
bin42|Clostridiales,No_species_annotation,104,0
bin43|Anaerotruncus_colihominis,Anaerotruncus_colihominis,27,0
bin43|Anaerotruncus_colihominis,No_species_annotation,1,0
bin44|Clostridiales,Flavonifractor_plautii,63,0
bin44|Clostridiales,Enterocloster_clostridioformis,1,0
bin44|Clostridiales,No_species_annotation,1,0
bin45|Lachnospiraceae,Dorea_sp52,10,0
bin45|Lachnospiraceae,Hominisplanchenecus_murintestinalis,1,0
bin45|Lachnospiraceae,Clostridium_scindens,2,0
bin45|Lachnospiraceae,Enterocloster_clostridioformis,1,0
bin45|Lachnospiraceae,Faecalibacterium_prausnitzii,1,0
bin45|Lachnospiraceae,Blautia_pseudococcoides,1,0
bin45|Lachnospiraceae,Schaedlerella_arabinosiphila,2,0
bin45|Lachnospiraceae,Mediterraneibacter_agrestimuris,1,0
bin45|Lachnospiraceae,No_species_annotation,80,0
bin46|Clostridiales,Enterocloster_lavalensis,60,0
bin46|Clostridiales,Clostridium_lavalense,3,0
bin46|Clostridiales,Enterocloster_clostridioformis,1,0
bin46|Clostridiales,No_species_annotation,1,0
bin47|Lachnospiraceae,Dorea_sp52,3,0
bin47|Lachnospiraceae,Enterocloster_clostridioformis,2,0
bin47|Lachnospiraceae,Schaedlerella_arabinosiphila,5,0
bin47|Lachnospiraceae,Acetatifactor_aquisgranensis,3,0
bin47|Lachnospiraceae,Acutalibacter_muris,1,0
bin47|Lachnospiraceae,Hominisplanchenecus_murintestinalis,2,0
bin47|Lachnospiraceae,Mediterraneibacter_agrestimuris,1,0
bin47|Lachnospiraceae,No_species_annotation,157,0
bin48|Bacteria,Anaerotruncus_spG3,1,0
bin48|Bacteria,Acutalibacter_muris,1,0
bin48|Bacteria,Extibacter_muris,1,0
bin48|Bacteria,Acetatifactor_aquisgranensis,1,0
bin48|Bacteria,No_species_annotation,123,0
bin49|Clostridiales,No_species_annotation,90,0
bin5|Oscillibacter_sp.,Acutalibacter_muris,1,0
bin5|Oscillibacter_sp.,No_species_annotation,227,0
bin50|Lachnospiraceae,Schaedlerella_arabinosiphila,1,0
bin50|Lachnospiraceae,Mediterraneibacter_agrestimuris,1,0
bin50|Lachnospiraceae,Hominisplanchenecus_murintestinalis,2,0
bin50|Lachnospiraceae,Roseburia_intestinalis,1,0
bin50|Lachnospiraceae,Dorea_sp52,1,0
bin50|Lachnospiraceae,No_species_annotation,307,0
bin51|Ruminococcaceae,Enterocloster_clostridioformis,1,0
bin51|Ruminococcaceae,No_species_annotation,17,0
bin52|Clostridiales,Flavonifractor_plautii,41,0
bin52|Clostridiales,Enterocloster_bolteae,1,0
bin52|Clostridiales,Dysosmobacter_welbionis,1,0
bin52|Clostridiales,No_species_annotation,10,0
bin53|Clostridium_innocuum,Erysipelatoclostridium_innocuum,3,0
bin53|Clostridium_innocuum,No_species_annotation,15,0
bin54|Firmicutes,Oscillibacter_spCU971,1,0
bin54|Firmicutes,Eggerthella_lenta,1,0
bin54|Firmicutes,Anaerostipes_caccae,1,0
bin54|Firmicutes,Blautia_wexlerae,1,0
bin54|Firmicutes,Acutalibacter_muris,1,0
bin54|Firmicutes,No_species_annotation,109,0
bin55|Lachnospiraceae,Acetatifactor_aquisgranensis,61,0
bin55|Lachnospiraceae,Dorea_sp52,2,0
bin55|Lachnospiraceae,Hominisplanchenecus_murintestinalis,1,0
bin55|Lachnospiraceae,Acutalibacter_muris,2,0
bin55|Lachnospiraceae,Enterocloster_clostridioformis,1,0
bin55|Lachnospiraceae,No_species_annotation,116,0
bin56|Schaedlerella_arabinosiphila*,Schaedlerella_arabinosiphila,84,0
bin56|Schaedlerella_arabinosiphila*,No_species_annotation,2,0
bin57|Ruminococcaceae,Dorea_sp52,1,0
bin57|Ruminococcaceae,Oscillibacter_spCU971,1,0
bin57|Ruminococcaceae,Acutalibacter_muris,17,0
bin57|Ruminococcaceae,Anaerotruncus_spG3,2,0
bin57|Ruminococcaceae,No_species_annotation,43,0
bin58|Clostridiales,Acetatifactor_aquisgranensis,2,0
bin58|Clostridiales,Dorea_sp52,1,0
bin58|Clostridiales,Enterocloster_clostridioformis,3,0
bin58|Clostridiales,Mediterraneibacter_agrestimuris,1,0
bin58|Clostridiales,Clostridioides_difficile,1,0
bin58|Clostridiales,Clostridium_phocaeense,1,0
bin58|Clostridiales,Schaedlerella_arabinosiphila,1,0
bin58|Clostridiales,Eisenbergiella_porci,1,0
bin58|Clostridiales,No_species_annotation,84,0
bin59|Adlercreutzia,Adlercreutzia_hattorii,30,0
bin59|Adlercreutzia,Adlercreutzia_equolifaciens,28,0
bin59|Adlercreutzia,Eggerthella_lenta,1,0
bin59|Adlercreutzia,Treponema_succinifaciens,1,0
bin59|Adlercreutzia,No_species_annotation,5,0
bin6|Lachnospiraceae,Clostridium_scindens,26,0
bin6|Lachnospiraceae,Blautia_pseudococcoides,1,0
bin6|Lachnospiraceae,Erysipelatoclostridium_ramosum,2,0
bin6|Lachnospiraceae,Enterocloster_clostridioformis,1,0
bin6|Lachnospiraceae,Dorea_sp52,1,0
bin6|Lachnospiraceae,Blautia_producta,1,0
bin6|Lachnospiraceae,No_species_annotation,8,0
bin60|Lachnospiraceae,Enterocloster_clostridioformis,210,0
bin60|Lachnospiraceae,Acetatifactor_aquisgranensis,1,0
bin60|Lachnospiraceae,Enterocloster_bolteae,1,0
bin60|Lachnospiraceae,No_species_annotation,16,0
bin61|Lachnospiraceae,Blautia_argi,1,0
bin61|Lachnospiraceae,Acutalibacter_muris,1,0
bin61|Lachnospiraceae,Anaerotruncus_spG3,1,0
bin61|Lachnospiraceae,Acetatifactor_aquisgranensis,2,0
bin61|Lachnospiraceae,Enterocloster_clostridioformis,2,0
bin61|Lachnospiraceae,Enterocloster_aldenensis,1,0
bin61|Lachnospiraceae,Dorea_sp52,1,0
bin61|Lachnospiraceae,No_species_annotation,68,0
bin62|Clostridiales,Clostridioides_difficile,1,0
bin62|Clostridiales,Flavonifractor_plautii,7,0
bin62|Clostridiales,No_species_annotation,1,0
bin63|Bacteria,Acutalibacter_muris,1,0
bin63|Bacteria,Acetatifactor_aquisgranensis,1,0
bin63|Bacteria,Anaerotruncus_spG3,1,0
bin63|Bacteria,No_species_annotation,51,0
bin64|Clostridiales,Enterocloster_bolteae,4,0
bin64|Clostridiales,Enterocloster_clostridioformis,4,0
bin64|Clostridiales,Eisenbergiella_massiliensis,1,0
bin64|Clostridiales,Coprococcus_catus,1,0
bin64|Clostridiales,Roseburia_hominis,2,0
bin64|Clostridiales,Dysosmobacter_welbionis,3,0
bin64|Clostridiales,Hungatella_hathewayi,4,0
bin64|Clostridiales,Faecalibacterium_prausnitzii,3,0
bin64|Clostridiales,Blautia_wexlerae,2,0
bin64|Clostridiales,Eisenbergiella_porci,1,0
bin64|Clostridiales,Erysipelatoclostridium_innocuum,3,0
bin64|Clostridiales,Dorea_sp52,9,0
bin64|Clostridiales,Blautia_faecis,2,0
bin64|Clostridiales,Pusillibacter_faecalis,1,0
bin64|Clostridiales,Fusicatenibacter_saccharivorans,1,0
bin64|Clostridiales,Coprococcus_comes,1,0
bin64|Clostridiales,Enterococcus_saigonensis,1,0
bin64|Clostridiales,Simiaoa_sunii,1,0
bin64|Clostridiales,No_species_annotation,26,0
bin65|Clostridiales,Extibacter_muris,297,0
bin65|Clostridiales,Blautia_producta,1,0
bin65|Clostridiales,No_species_annotation,121,0
bin66|Lachnospiraceae,Enterocloster_clostridioformis,2,0
bin66|Lachnospiraceae,Blautia_faecis,1,0
bin66|Lachnospiraceae,Clostridioides_difficile,2,0
bin66|Lachnospiraceae,Flavonifractor_plautii,2,0
bin66|Lachnospiraceae,Longicatena_caecimuris,1,0
bin66|Lachnospiraceae,Erysipelatoclostridium_cocleatum,1,0
bin66|Lachnospiraceae,Acetatifactor_aquisgranensis,1,0
bin66|Lachnospiraceae,Blautia_pseudococcoides,1,0
bin66|Lachnospiraceae,Clostridium_scindens,1,0
bin66|Lachnospiraceae,Schaedlerella_arabinosiphila,1,0
bin66|Lachnospiraceae,No_species_annotation,87,0
bin67|Clostridiales,Enterocloster_clostridioformis,434,0
bin67|Clostridiales,Clostridium_bolteae,1,0
bin67|Clostridiales,No_species_annotation,3,0
bin68|Eukaryota,Mus_musculus,35,0
bin68|Eukaryota,Trichinella_nativa,13,0
bin68|Eukaryota,Trichinella_pseudospiralis,3,0
bin68|Eukaryota,No_species_annotation,204,0
bin69|Schaedlerella_arabinosiphila*,Schaedlerella_arabinosiphila,165,0
bin69|Schaedlerella_arabinosiphila*,Enterocloster_clostridioformis,2,0
bin7|Clostridium_cocleatum,Clostridium_cocleatum,86,0
bin7|Clostridium_cocleatum,Erysipelatoclostridium_cocleatum,52,0
bin7|Clostridium_cocleatum,Erysipelatoclostridium_ramosum,3,0
bin7|Clostridium_cocleatum,No_species_annotation,14,0
bin70|Anaerotruncus_colihominis,Anaerotruncus_colihominis,27,0
bin70|Anaerotruncus_colihominis,Dysosmobacter_welbionis,1,0
bin70|Anaerotruncus_colihominis,Hungatella_hathewayi,1,0
bin70|Anaerotruncus_colihominis,No_species_annotation,1,0
bin71|Clostridiales,Eisenbergiella_porci,1,0
bin71|Clostridiales,Ruthenibacterium_lactatiformans,1,0
bin71|Clostridiales,Blautia_faecis,2,0
bin71|Clostridiales,Faecalitalea_cylindroides,3,0
bin71|Clostridiales,Murdochiella_vaginalis,1,0
bin71|Clostridiales,Enterocloster_clostridioformis,1,0
bin71|Clostridiales,Coprococcus_comes,1,0
bin71|Clostridiales,Clostridium_lactatifermentans,1,0
bin71|Clostridiales,Vescimonas_fastidiosa,1,0
bin71|Clostridiales,Qiania_dongpingensis,1,0
bin71|Clostridiales,Clostridioides_difficile,1,0
bin71|Clostridiales,No_species_annotation,37,0
bin72|Clostridiales,Anaerostipes_caccae,1,0
bin72|Clostridiales,Anaerotruncus_spG3,1,0
bin72|Clostridiales,No_species_annotation,39,0
bin73|Clostridiales,Acutalibacter_muris,1,0
bin73|Clostridiales,No_species_annotation,29,0
bin74|Mucispirillum_schaedleri*,Mucispirillum_schaedleri,104,0
bin75|Clostridiales,Coprococcus_comes,1,0
bin75|Clostridiales,Enterocloster_bolteae,4,0
bin75|Clostridiales,Dorea_sp52,1,0
bin75|Clostridiales,Schaedlerella_arabinosiphila,5,0
bin75|Clostridiales,Dysosmobacter_welbionis,1,0
bin75|Clostridiales,Enterococcus_faecalis,1,0
bin75|Clostridiales,Blautia_pseudococcoides,2,0
bin75|Clostridiales,Flavonifractor_plautii,1,0
bin75|Clostridiales,Enterocloster_clostridioformis,1,0
bin75|Clostridiales,Hominisplanchenecus_murintestinalis,1,0
bin75|Clostridiales,Blautia_hansenii,1,0
bin75|Clostridiales,No_species_annotation,53,0
bin76|Lachnospiraceae,Clostridium_scindens,152,0
bin76|Lachnospiraceae,No_species_annotation,1,0
bin77|Anaerotruncus_colihominis,Anaerotruncus_colihominis,1,0
bin78|Clostridiales,Dorea_sp52,2,0
bin78|Clostridiales,Acetatifactor_aquisgranensis,1,0
bin78|Clostridiales,Acutalibacter_muris,1,0
bin78|Clostridiales,Marvinbryantia_formatexigens,1,0
bin78|Clostridiales,Enterocloster_clostridioformis,1,0
bin78|Clostridiales,Anaerostipes_caccae,1,0
bin78|Clostridiales,Clostridium_spMD294,1,0
bin78|Clostridiales,No_species_annotation,108,0
bin79|Clostridiales,Intestinimonas_butyriciproducens,58,0
bin79|Clostridiales,Schaedlerella_arabinosiphila,1,0
bin79|Clostridiales,Enterocloster_clostridioformis,2,0
bin8|Clostridiales,Clostridioides_difficile,190,0
bin8|Clostridiales,No_species_annotation,3,0
bin80|Clostridiales,Enterocloster_clostridioformis,379,0
bin80|Clostridiales,Enterocloster_aldenensis,1,0
bin80|Clostridiales,Clostridium_symbiosum,1,0
bin80|Clostridiales,No_species_annotation,3,0
bin81|Clostridiales,Enterococcus_faecium,2,0
bin81|Clostridiales,Clostridioides_difficile,3,0
bin81|Clostridiales,Erysipelatoclostridium_innocuum,1,0
bin81|Clostridiales,Erysipelatoclostridium_cocleatum,1,0
bin81|Clostridiales,Adlercreutzia_equolifaciens,1,0
bin81|Clostridiales,Clostridium_scindens,2,0
bin81|Clostridiales,Guopingia_tenuis,1,0
bin81|Clostridiales,Enterocloster_clostridioformis,1,0
bin81|Clostridiales,No_species_annotation,133,0
bin82|Firmicutes,Ligilactobacillus_murinus,95,0
bin83|Clostridiales,Schaedlerella_arabinosiphila,2,0
bin83|Clostridiales,Dorea_sp52,2,0
bin83|Clostridiales,Acutalibacter_muris,1,0
bin83|Clostridiales,Mediterraneibacter_agrestimuris,1,0
bin83|Clostridiales,Blautia_wexlerae,1,0
bin83|Clostridiales,Enterocloster_clostridioformis,1,0
bin83|Clostridiales,Enterocloster_bolteae,1,0
bin83|Clostridiales,Coprococcus_comes,1,0
bin83|Clostridiales,Anaerotruncus_spG3,1,0
bin83|Clostridiales,No_species_annotation,125,0
bin84|Clostridiales,Eisenbergiella_massiliensis,67,0
bin84|Clostridiales,Eisenbergiella_porci,3,0
bin84|Clostridiales,Blautia_faecis,1,0
bin84|Clostridiales,Ruthenibacterium_lactatiformans,1,0
bin84|Clostridiales,Enterocloster_bolteae,3,0
bin84|Clostridiales,Coprobacillus_cateniformis,1,0
bin84|Clostridiales,Hungatella_hathewayi,1,0
bin84|Clostridiales,Eubacterium_limosum,1,0
bin84|Clostridiales,Blautia_wexlerae,1,0
bin9|Bacteria,Acetatifactor_aquisgranensis,5,0
bin9|Bacteria,Blautia_wexlerae,1,0
bin9|Bacteria,Dorea_sp52,2,0
bin9|Bacteria,Schaedlerella_arabinosiphila,4,0
bin9|Bacteria,Enterocloster_clostridioformis,1,0
bin9|Bacteria,Pusillibacter_faecalis,1,0
bin9|Bacteria,Clostridium_symbiosum,1,0
bin9|Bacteria,Enterocloster_lavalensis,1,0
bin9|Bacteria,Enterocloster_bolteae,1,0
bin9|Bacteria,No_species_annotation,172,0
Contig_not_selected_in_MAGs,Dysosmobacter_welbionis,1318,1
Contig_not_selected_in_MAGs,Clostridium_scindens,449,1
Contig_not_selected_in_MAGs,Lactococcus_lactis,927,1
Contig_not_selected_in_MAGs,Anaerostipes_faecis,810,1
Contig_not_selected_in_MAGs,Parabacteroides_goldsteinii,244,1
Contig_not_selected_in_MAGs,Enterocloster_clostridioformis,1617,1
Contig_not_selected_in_MAGs,Extibacter_muris,850,1
Contig_not_selected_in_MAGs,Erysipelatoclostridium_innocuum,50,1
Contig_not_selected_in_MAGs,Guopingia_tenuis,613,1
Contig_not_selected_in_MAGs,Anaerostipes_rhamnosivorans,29,1
Contig_not_selected_in_MAGs,Escherichia_coli,41,1
Contig_not_selected_in_MAGs,Flavonifractor_plautii,143,1
Contig_not_selected_in_MAGs,Enterocloster_aldenensis,129,1
Contig_not_selected_in_MAGs,Schaedlerella_arabinosiphila,457,1
Contig_not_selected_in_MAGs,Enterocloster_lavalensis,35,1
Contig_not_selected_in_MAGs,Blautia_pseudococcoides,176,1
Contig_not_selected_in_MAGs,Delftia_lacustris,128,1
Contig_not_selected_in_MAGs,Hominisplanchenecus_murintestinalis,329,1
Contig_not_selected_in_MAGs,Dorea_sp52,264,1
Contig_not_selected_in_MAGs,Blautia_faecis,10,1
Contig_not_selected_in_MAGs,Providencia_rettgeri,580,1
Contig_not_selected_in_MAGs,Coprobacillus_cateniformis,55,1
Contig_not_selected_in_MAGs,Acetatifactor_aquisgranensis,122,1
Contig_not_selected_in_MAGs,Anaerostipes_caccae,109,1
Contig_not_selected_in_MAGs,Mucispirillum_schaedleri,73,1
Contig_not_selected_in_MAGs,Mus_musculus,182,1
Contig_not_selected_in_MAGs,Anaerotruncus_spG3,183,1
Contig_not_selected_in_MAGs,Clostridioides_difficile,126,1
Contig_not_selected_in_MAGs,Enterococcus_faecalis,56,1
Contig_not_selected_in_MAGs,Enterococcus_faecium,45,1
Contig_not_selected_in_MAGs,Mediterraneibacter_agrestimuris,37,1
Contig_not_selected_in_MAGs,Adlercreutzia_equolifaciens,6,1
Contig_not_selected_in_MAGs,Blautia_coccoides,38,1
Contig_not_selected_in_MAGs,Trichinella_nativa,50,1
Contig_not_selected_in_MAGs,Enterocloster_bolteae,132,1
Contig_not_selected_in_MAGs,Pusillibacter_faecalis,19,1
Contig_not_selected_in_MAGs,Ligilactobacillus_murinus,94,1
Contig_not_selected_in_MAGs,Anaerostipes_hadrus,3,1
Contig_not_selected_in_MAGs,Eisenbergiella_porci,17,1
Contig_not_selected_in_MAGs,Eisenbergiella_massiliensis,37,1
Contig_not_selected_in_MAGs,Hungatella_hathewayi,31,1
Contig_not_selected_in_MAGs,Acutalibacter_muris,86,1
Contig_not_selected_in_MAGs,Enterococcus_avium,13,1
Contig_not_selected_in_MAGs,Trichinella_pseudospiralis,6,1
Contig_not_selected_in_MAGs,Clostridium_spMD294,73,1
Contig_not_selected_in_MAGs,Intestinimonas_butyriciproducens,39,1
Contig_not_selected_in_MAGs,Blautia_wexlerae,36,1
Contig_not_selected_in_MAGs,Akkermansia_muciniphila,1,1
Contig_not_selected_in_MAGs,Enterococcus_saigonensis,6,1
Contig_not_selected_in_MAGs,Clostridium_bolteae,10,1
Contig_not_selected_in_MAGs,Streptococcus_pyogenes,2,1
Contig_not_selected_in_MAGs,Longicatena_caecimuris,21,1
Contig_not_selected_in_MAGs,Faecalibacterium_prausnitzii,36,1
Contig_not_selected_in_MAGs,Oscillibacter_spCU971,54,1
Contig_not_selected_in_MAGs,Delftia_tsuruhatensis,10,1
Contig_not_selected_in_MAGs,Alicycliphilus_denitrificans,18,1
Contig_not_selected_in_MAGs,Erysipelatoclostridium_ramosum,12,1
Contig_not_selected_in_MAGs,Staphylococcus_xylosus,12,1
Contig_not_selected_in_MAGs,Blautia_producta,12,1
Contig_not_selected_in_MAGs,Clostridium_cocleatum,17,1
Contig_not_selected_in_MAGs,Erysipelatoclostridium_cocleatum,9,1
Contig_not_selected_in_MAGs,Qiania_dongpingensis,10,1
Contig_not_selected_in_MAGs,Murdochiella_vaginalis,4,1
Contig_not_selected_in_MAGs,Amedibacterium_intestinale,10,1
Contig_not_selected_in_MAGs,Eubacterium_maltosivorans,2,1
Contig_not_selected_in_MAGs,Clostridium_symbiosum,40,1
Contig_not_selected_in_MAGs,Mammaliicoccus_lentus,13,1
Contig_not_selected_in_MAGs,Anaerotruncus_colihominis,52,1
Contig_not_selected_in_MAGs,Clostridium_lavalense,7,1
Contig_not_selected_in_MAGs,Fusicatenibacter_saccharivorans,6,1
Contig_not_selected_in_MAGs,Lactococcus_cremoris,8,1
Contig_not_selected_in_MAGs,Mediterraneibacter_gnavus,13,1
Contig_not_selected_in_MAGs,Blautia_argi,4,1
Contig_not_selected_in_MAGs,Coprococcus_comes,6,1
Contig_not_selected_in_MAGs,Ruthenibacterium_lactatiformans,8,1
Contig_not_selected_in_MAGs,Butyrivibrio_fibrisolvens,3,1
Contig_not_selected_in_MAGs,Roseburia_hominis,5,1
Contig_not_selected_in_MAGs,Massilistercora_timonensis,1,1
Contig_not_selected_in_MAGs,Pseudomonas_balearica,2,1
Contig_not_selected_in_MAGs,Faecalibacterium_duncaniae,1,1
Contig_not_selected_in_MAGs,Roseburia_intestinalis,7,1
Contig_not_selected_in_MAGs,Delftia_acidovorans,6,1
Contig_not_selected_in_MAGs,Blautia_obeum,8,1
Contig_not_selected_in_MAGs,Bifidobacterium_thermophilum,2,1
Contig_not_selected_in_MAGs,Klebsiella_pneumoniae,1,1
Contig_not_selected_in_MAGs,Coprococcus_catus,2,1
Contig_not_selected_in_MAGs,Streptococcus_thermophilus,4,1
Contig_not_selected_in_MAGs,Bacteroides_thetaiotaomicron,1,1
Contig_not_selected_in_MAGs,Bifidobacterium_longum,1,1
Contig_not_selected_in_MAGs,Lactococcus_garvieae,2,1
Contig_not_selected_in_MAGs,Enterococcus_gallinarum,2,1
Contig_not_selected_in_MAGs,Christensenella_massiliensis,1,1
Contig_not_selected_in_MAGs,Shigella_boydii,1,1
Contig_not_selected_in_MAGs,Faecalitalea_cylindroides,2,1
Contig_not_selected_in_MAGs,Triticum_aestivum,6,1
Contig_not_selected_in_MAGs,Clostridium_lactatifermentans,3,1
Contig_not_selected_in_MAGs,Anaerotignum_lactatifermentans,3,1
Contig_not_selected_in_MAGs,Clostridium_innocuum,7,1
Contig_not_selected_in_MAGs,Streptococcus_suis,2,1
Contig_not_selected_in_MAGs,Streptococcus_acidominimus,1,1
Contig_not_selected_in_MAGs,Blautia_massiliensis,2,1
Contig_not_selected_in_MAGs,Streptococcus_parasuis,4,1
Contig_not_selected_in_MAGs,Enterocloster_citroniae,2,1
Contig_not_selected_in_MAGs,Blautia_hansenii,3,1
Contig_not_selected_in_MAGs,Adlercreutzia_hattorii,4,1
Contig_not_selected_in_MAGs,Vescimonas_fastidiosa,3,1
Contig_not_selected_in_MAGs,Bifidobacterium_breve,2,1
Contig_not_selected_in_MAGs,Homo_sapiens,2,1
Contig_not_selected_in_MAGs,Enterobacter_hormaechei,1,1
Contig_not_selected_in_MAGs,Lactococcus_raffinolactis,2,1
Contig_not_selected_in_MAGs,Vescimonas_coprocola,2,1
Contig_not_selected_in_MAGs,Mediterraneibacter_torques,3,1
Contig_not_selected_in_MAGs,Eggerthella_lenta,1,1
Contig_not_selected_in_MAGs,Pseudomonas_aeruginosa,1,1
Contig_not_selected_in_MAGs,Mammaliicoccus_sciuri,1,1
Contig_not_selected_in_MAGs,Faecalibacillus_intestinalis,1,1
Contig_not_selected_in_MAGs,Xanthomonas_campestris,2,1
Contig_not_selected_in_MAGs,Roseburia_inulinivorans,1,1
Contig_not_selected_in_MAGs,Providencia_stuartii,1,1
Contig_not_selected_in_MAGs,Staphylococcus_aureus,2,1
Contig_not_selected_in_MAGs,Pandoraea_pnomenusa,2,1
Contig_not_selected_in_MAGs,Solibaculum_mannosilyticum,1,1
Contig_not_selected_in_MAGs,Lactobacillus_amylovorus,1,1
Contig_not_selected_in_MAGs,Bifidobacterium_bifidum,2,1
Contig_not_selected_in_MAGs,Streptococcus_agalactiae,2,1
Contig_not_selected_in_MAGs,Enterococcus_durans,1,1
Contig_not_selected_in_MAGs,Coprococcus_eutactus,1,1
Contig_not_selected_in_MAGs,Treponema_succinifaciens,1,1
Contig_not_selected_in_MAGs,Shigella_flexneri,2,1
Contig_not_selected_in_MAGs,Salmonella_enterica,1,1
Contig_not_selected_in_MAGs,Eubacterium_limosum,1,1
Contig_not_selected_in_MAGs,Clostridium_saccharogumia,1,1
Contig_not_selected_in_MAGs,Achromobacter_denitrificans,1,1
Contig_not_selected_in_MAGs,Carnobacterium_divergens,1,1
No_species_annotation,bin1|Clostridiales,5,0
Parabacteroides_goldsteinii,bin10|Parabacteroides,22,0
Enterocloster_clostridioformis,bin11|Clostridiales,1,0
Marvinbryantia_formatexigens,bin11|Clostridiales,1,0
Mediterraneibacter_agrestimuris,bin11|Clostridiales,1,0
No_species_annotation,bin11|Clostridiales,43,0
No_species_annotation,bin12|Lachnospiraceae,76,0
Enterocloster_clostridioformis,bin13|Lachnospiraceae,1,0
Dorea_sp52,bin13|Lachnospiraceae,7,0
Enterococcus_gallinarum,bin13|Lachnospiraceae,1,0
Anaerotruncus_spG3,bin13|Lachnospiraceae,1,0
Schaedlerella_arabinosiphila,bin13|Lachnospiraceae,2,0
Acetatifactor_aquisgranensis,bin13|Lachnospiraceae,1,0
No_species_annotation,bin13|Lachnospiraceae,50,0
Anaerotruncus_spG3,bin14|Oscillibacter,1,0
No_species_annotation,bin14|Oscillibacter,23,0
Erysipelatoclostridium_innocuum,bin15|Firmicutes,61,0
Clostridium_innocuum,bin15|Firmicutes,4,0
Enterocloster_aldenensis,bin16|Lachnospiraceae,136,0
Enterocloster_clostridioformis,bin16|Lachnospiraceae,5,0
Hungatella_hathewayi,bin16|Lachnospiraceae,2,0
No_species_annotation,bin16|Lachnospiraceae,5,0
Dorea_sp52,bin17|Lachnospiraceae,4,0
Acutalibacter_muris,bin17|Lachnospiraceae,3,0
Anaerotruncus_spG3,bin17|Lachnospiraceae,2,0
Acetatifactor_aquisgranensis,bin17|Lachnospiraceae,1,0
Schaedlerella_arabinosiphila,bin17|Lachnospiraceae,1,0
No_species_annotation,bin17|Lachnospiraceae,23,0
Coprobacillus_cateniformis,bin18|Coprobacillus,137,0
Clostridium_scindens,bin18|Coprobacillus,1,0
Blautia_pseudococcoides,bin18|Coprobacillus,1,0
No_species_annotation,bin18|Coprobacillus,2,0
Enterocloster_clostridioformis,bin19|Clostridiales,4,0
Faecalibacterium_prausnitzii,bin19|Clostridiales,1,0
Dorea_sp52,bin19|Clostridiales,2,0
Hominisplanchenecus_murintestinalis,bin19|Clostridiales,2,0
Schaedlerella_arabinosiphila,bin19|Clostridiales,4,0
Acetatifactor_aquisgranensis,bin19|Clostridiales,2,0
No_species_annotation,bin19|Clostridiales,81,0
Dorea_sp52,bin2|Lachnospiraceae,3,0
Acetatifactor_aquisgranensis,bin2|Lachnospiraceae,2,0
Clostridium_scindens,bin2|Lachnospiraceae,1,0
No_species_annotation,bin2|Lachnospiraceae,37,0
Dorea_sp52,bin20|Bacteria,1,0
Enterocloster_clostridioformis,bin20|Bacteria,3,0
Acetatifactor_aquisgranensis,bin20|Bacteria,1,0
Schaedlerella_arabinosiphila,bin20|Bacteria,1,0
Extibacter_muris,bin20|Bacteria,1,0
Coprobacillus_cateniformis,bin20|Bacteria,1,0
Blautia_pseudococcoides,bin20|Bacteria,1,0
No_species_annotation,bin20|Bacteria,72,0
Escherichia_coli,bin21|Bacteria,160,0
Shigella_flexneri,bin21|Bacteria,2,0
No_species_annotation,bin21|Bacteria,3,0
Acetatifactor_aquisgranensis,bin22|Lachnospiraceae,2,0
Enterocloster_clostridioformis,bin22|Lachnospiraceae,1,0
Dorea_sp52,bin22|Lachnospiraceae,2,0
Blautia_pseudococcoides,bin22|Lachnospiraceae,1,0
Schaedlerella_arabinosiphila,bin22|Lachnospiraceae,1,0
No_species_annotation,bin22|Lachnospiraceae,34,0
Dorea_sp52,bin23|Clostridiales,1,0
No_species_annotation,bin23|Clostridiales,42,0
Acutalibacter_muris,bin24|Clostridiales,1,0
Simiaoa_sunii,bin24|Clostridiales,1,0
Enterocloster_aldenensis,bin24|Clostridiales,1,0
Acetatifactor_aquisgranensis,bin24|Clostridiales,1,0
Dorea_sp52,bin24|Clostridiales,3,0
Mediterraneibacter_agrestimuris,bin24|Clostridiales,1,0
Erysipelatoclostridium_innocuum,bin24|Clostridiales,1,0
Enterocloster_clostridioformis,bin24|Clostridiales,1,0
No_species_annotation,bin24|Clostridiales,426,0
No_species_annotation,bin25|Clostridia,112,0
Enterocloster_clostridioformis,bin26|Oscillospiraceae,1,0
Oscillibacter_spCU971,bin26|Oscillospiraceae,4,0
Acutalibacter_muris,bin26|Oscillospiraceae,2,0
No_species_annotation,bin26|Oscillospiraceae,157,0
Schaedlerella_arabinosiphila,bin27|Clostridiaceae,1,0
Enterocloster_bolteae,bin27|Clostridiaceae,1,0
Dorea_sp52,bin27|Clostridiaceae,1,0
No_species_annotation,bin27|Clostridiaceae,61,0
Hominisplanchenecus_murintestinalis,bin28|Clostridiales,315,0
Coprococcus_comes,bin28|Clostridiales,1,0
No_species_annotation,bin28|Clostridiales,43,0
Acutalibacter_muris,bin29|Clostridiales,5,0
No_species_annotation,bin29|Clostridiales,24,0
Dorea_sp52,bin3|Clostridiales,2,0
Mediterraneibacter_agrestimuris,bin3|Clostridiales,1,0
Schaedlerella_arabinosiphila,bin3|Clostridiales,2,0
No_species_annotation,bin3|Clostridiales,325,0
Schaedlerella_arabinosiphila,bin30|Lachnospiraceae,2,0
Dorea_sp52,bin30|Lachnospiraceae,9,0
Blautia_pseudococcoides,bin30|Lachnospiraceae,1,0
No_species_annotation,bin30|Lachnospiraceae,19,0
Dorea_sp52,bin31|Lachnospiraceae,1,0
Hominisplanchenecus_murintestinalis,bin31|Lachnospiraceae,2,0
Mediterraneibacter_agrestimuris,bin31|Lachnospiraceae,1,0
Clostridium_cocleatum,bin31|Lachnospiraceae,1,0
Longicatena_caecimuris,bin31|Lachnospiraceae,1,0
No_species_annotation,bin31|Lachnospiraceae,44,0
Parabacteroides_goldsteinii,bin32|Parabacteroides,159,0
Oscillibacter_spCU971,bin33|Oscillospiraceae,2,0
No_species_annotation,bin33|Oscillospiraceae,120,0
Mediterraneibacter_agrestimuris,bin34|Clostridiales,1,0
Streptococcus_parasuis,bin34|Clostridiales,1,0
Blautia_producta,bin34|Clostridiales,2,0
Clostridium_scindens,bin34|Clostridiales,2,0
Clostridioides_difficile,bin34|Clostridiales,5,0
Enterocloster_clostridioformis,bin34|Clostridiales,1,0
Extibacter_muris,bin34|Clostridiales,5,0
Blautia_massiliensis,bin34|Clostridiales,1,0
Acetatifactor_aquisgranensis,bin34|Clostridiales,2,0
Enterocloster_aldenensis,bin34|Clostridiales,1,0
Anaerostipes_faecis,bin34|Clostridiales,1,0
No_species_annotation,bin34|Clostridiales,403,0
Blautia_coccoides,bin35|Blautia,38,0
Blautia_pseudococcoides,bin35|Blautia,99,0
Enterocloster_bolteae,bin35|Blautia,1,0
Clostridium_scindens,bin35|Blautia,2,0
No_species_annotation,bin35|Blautia,4,0
Clostridium_symbiosum,bin36|Clostridiales,213,0
Roseburia_inulinivorans,bin36|Clostridiales,1,0
Eisenbergiella_porci,bin36|Clostridiales,1,0
Faecalibacterium_prausnitzii,bin36|Clostridiales,1,0
Erysipelatoclostridium_innocuum,bin36|Clostridiales,1,0
Enterocloster_bolteae,bin36|Clostridiales,2,0
No_species_annotation,bin36|Clostridiales,3,0
Enterocloster_clostridioformis,bin37|Clostridiales,45,0
Enterocloster_bolteae,bin37|Clostridiales,2,0
Ruthenibacterium_lactatiformans,bin37|Clostridiales,1,0
Clostridium_symbiosum,bin37|Clostridiales,2,0
Oscillibacter_spCU971,bin38|Clostridiales,3,0
Anaerotruncus_spG3,bin38|Clostridiales,2,0
Enterocloster_bolteae,bin38|Clostridiales,1,0
No_species_annotation,bin38|Clostridiales,60,0
Dorea_sp52,bin39|Clostridiales,1,0
Enterocloster_clostridioformis,bin39|Clostridiales,1,0
Mediterraneibacter_agrestimuris,bin39|Clostridiales,1,0
Enterocloster_lavalensis,bin39|Clostridiales,1,0
Schaedlerella_arabinosiphila,bin39|Clostridiales,1,0
No_species_annotation,bin39|Clostridiales,26,0
Acetatifactor_aquisgranensis,bin4|Lachnospiraceae,11,0
Hominisplanchenecus_murintestinalis,bin4|Lachnospiraceae,1,0
Enterocloster_clostridioformis,bin4|Lachnospiraceae,1,0
No_species_annotation,bin4|Lachnospiraceae,66,0
Anaerotruncus_spG3,bin40|Anaerotruncus,102,0
Enterocloster_bolteae,bin40|Anaerotruncus,1,0
No_species_annotation,bin40|Anaerotruncus,8,0
Clostridium_spMD294,bin41|Clostridium_sp._MD294,155,0
Solibaculum_mannosilyticum,bin42|Clostridiales,1,0
No_species_annotation,bin42|Clostridiales,104,0
Anaerotruncus_colihominis,bin43|Anaerotruncus_colihominis,27,0
No_species_annotation,bin43|Anaerotruncus_colihominis,1,0
Flavonifractor_plautii,bin44|Clostridiales,63,0
Enterocloster_clostridioformis,bin44|Clostridiales,1,0
No_species_annotation,bin44|Clostridiales,1,0
Dorea_sp52,bin45|Lachnospiraceae,10,0
Hominisplanchenecus_murintestinalis,bin45|Lachnospiraceae,1,0
Clostridium_scindens,bin45|Lachnospiraceae,2,0
Enterocloster_clostridioformis,bin45|Lachnospiraceae,1,0
Faecalibacterium_prausnitzii,bin45|Lachnospiraceae,1,0
Blautia_pseudococcoides,bin45|Lachnospiraceae,1,0
Schaedlerella_arabinosiphila,bin45|Lachnospiraceae,2,0
Mediterraneibacter_agrestimuris,bin45|Lachnospiraceae,1,0
No_species_annotation,bin45|Lachnospiraceae,80,0
Enterocloster_lavalensis,bin46|Clostridiales,60,0
Clostridium_lavalense,bin46|Clostridiales,3,0
Enterocloster_clostridioformis,bin46|Clostridiales,1,0
No_species_annotation,bin46|Clostridiales,1,0
Dorea_sp52,bin47|Lachnospiraceae,3,0
Enterocloster_clostridioformis,bin47|Lachnospiraceae,2,0
Schaedlerella_arabinosiphila,bin47|Lachnospiraceae,5,0
Acetatifactor_aquisgranensis,bin47|Lachnospiraceae,3,0
Acutalibacter_muris,bin47|Lachnospiraceae,1,0
Hominisplanchenecus_murintestinalis,bin47|Lachnospiraceae,2,0
Mediterraneibacter_agrestimuris,bin47|Lachnospiraceae,1,0
No_species_annotation,bin47|Lachnospiraceae,157,0
Anaerotruncus_spG3,bin48|Bacteria,1,0
Acutalibacter_muris,bin48|Bacteria,1,0
Extibacter_muris,bin48|Bacteria,1,0
Acetatifactor_aquisgranensis,bin48|Bacteria,1,0
No_species_annotation,bin48|Bacteria,123,0
No_species_annotation,bin49|Clostridiales,90,0
Acutalibacter_muris,bin5|Oscillibacter_sp.,1,0
No_species_annotation,bin5|Oscillibacter_sp.,227,0
Schaedlerella_arabinosiphila,bin50|Lachnospiraceae,1,0
Mediterraneibacter_agrestimuris,bin50|Lachnospiraceae,1,0
Hominisplanchenecus_murintestinalis,bin50|Lachnospiraceae,2,0
Roseburia_intestinalis,bin50|Lachnospiraceae,1,0
Dorea_sp52,bin50|Lachnospiraceae,1,0
No_species_annotation,bin50|Lachnospiraceae,307,0
Enterocloster_clostridioformis,bin51|Ruminococcaceae,1,0
No_species_annotation,bin51|Ruminococcaceae,17,0
Flavonifractor_plautii,bin52|Clostridiales,41,0
Enterocloster_bolteae,bin52|Clostridiales,1,0
Dysosmobacter_welbionis,bin52|Clostridiales,1,0
No_species_annotation,bin52|Clostridiales,10,0
Erysipelatoclostridium_innocuum,bin53|Clostridium_innocuum,3,0
No_species_annotation,bin53|Clostridium_innocuum,15,0
Oscillibacter_spCU971,bin54|Firmicutes,1,0
Eggerthella_lenta,bin54|Firmicutes,1,0
Anaerostipes_caccae,bin54|Firmicutes,1,0
Blautia_wexlerae,bin54|Firmicutes,1,0
Acutalibacter_muris,bin54|Firmicutes,1,0
No_species_annotation,bin54|Firmicutes,109,0
Acetatifactor_aquisgranensis,bin55|Lachnospiraceae,61,0
Dorea_sp52,bin55|Lachnospiraceae,2,0
Hominisplanchenecus_murintestinalis,bin55|Lachnospiraceae,1,0
Acutalibacter_muris,bin55|Lachnospiraceae,2,0
Enterocloster_clostridioformis,bin55|Lachnospiraceae,1,0
No_species_annotation,bin55|Lachnospiraceae,116,0
Schaedlerella_arabinosiphila,bin56|Schaedlerella_arabinosiphila*,84,0
No_species_annotation,bin56|Schaedlerella_arabinosiphila*,2,0
Dorea_sp52,bin57|Ruminococcaceae,1,0
Oscillibacter_spCU971,bin57|Ruminococcaceae,1,0
Acutalibacter_muris,bin57|Ruminococcaceae,17,0
Anaerotruncus_spG3,bin57|Ruminococcaceae,2,0
No_species_annotation,bin57|Ruminococcaceae,43,0
Acetatifactor_aquisgranensis,bin58|Clostridiales,2,0
Dorea_sp52,bin58|Clostridiales,1,0
Enterocloster_clostridioformis,bin58|Clostridiales,3,0
Mediterraneibacter_agrestimuris,bin58|Clostridiales,1,0
Clostridioides_difficile,bin58|Clostridiales,1,0
Clostridium_phocaeense,bin58|Clostridiales,1,0
Schaedlerella_arabinosiphila,bin58|Clostridiales,1,0
Eisenbergiella_porci,bin58|Clostridiales,1,0
No_species_annotation,bin58|Clostridiales,84,0
Adlercreutzia_hattorii,bin59|Adlercreutzia,30,0
Adlercreutzia_equolifaciens,bin59|Adlercreutzia,28,0
Eggerthella_lenta,bin59|Adlercreutzia,1,0
Treponema_succinifaciens,bin59|Adlercreutzia,1,0
No_species_annotation,bin59|Adlercreutzia,5,0
Clostridium_scindens,bin6|Lachnospiraceae,26,0
Blautia_pseudococcoides,bin6|Lachnospiraceae,1,0
Erysipelatoclostridium_ramosum,bin6|Lachnospiraceae,2,0
Enterocloster_clostridioformis,bin6|Lachnospiraceae,1,0
Dorea_sp52,bin6|Lachnospiraceae,1,0
Blautia_producta,bin6|Lachnospiraceae,1,0
No_species_annotation,bin6|Lachnospiraceae,8,0
Enterocloster_clostridioformis,bin60|Lachnospiraceae,210,0
Acetatifactor_aquisgranensis,bin60|Lachnospiraceae,1,0
Enterocloster_bolteae,bin60|Lachnospiraceae,1,0
No_species_annotation,bin60|Lachnospiraceae,16,0
Blautia_argi,bin61|Lachnospiraceae,1,0
Acutalibacter_muris,bin61|Lachnospiraceae,1,0
Anaerotruncus_spG3,bin61|Lachnospiraceae,1,0
Acetatifactor_aquisgranensis,bin61|Lachnospiraceae,2,0
Enterocloster_clostridioformis,bin61|Lachnospiraceae,2,0
Enterocloster_aldenensis,bin61|Lachnospiraceae,1,0
Dorea_sp52,bin61|Lachnospiraceae,1,0
No_species_annotation,bin61|Lachnospiraceae,68,0
Clostridioides_difficile,bin62|Clostridiales,1,0
Flavonifractor_plautii,bin62|Clostridiales,7,0
No_species_annotation,bin62|Clostridiales,1,0
Acutalibacter_muris,bin63|Bacteria,1,0
Acetatifactor_aquisgranensis,bin63|Bacteria,1,0
Anaerotruncus_spG3,bin63|Bacteria,1,0
No_species_annotation,bin63|Bacteria,51,0
Enterocloster_bolteae,bin64|Clostridiales,4,0
Enterocloster_clostridioformis,bin64|Clostridiales,4,0
Eisenbergiella_massiliensis,bin64|Clostridiales,1,0
Coprococcus_catus,bin64|Clostridiales,1,0
Roseburia_hominis,bin64|Clostridiales,2,0
Dysosmobacter_welbionis,bin64|Clostridiales,3,0
Hungatella_hathewayi,bin64|Clostridiales,4,0
Faecalibacterium_prausnitzii,bin64|Clostridiales,3,0
Blautia_wexlerae,bin64|Clostridiales,2,0
Eisenbergiella_porci,bin64|Clostridiales,1,0
Erysipelatoclostridium_innocuum,bin64|Clostridiales,3,0
Dorea_sp52,bin64|Clostridiales,9,0
Blautia_faecis,bin64|Clostridiales,2,0
Pusillibacter_faecalis,bin64|Clostridiales,1,0
Fusicatenibacter_saccharivorans,bin64|Clostridiales,1,0
Coprococcus_comes,bin64|Clostridiales,1,0
Enterococcus_saigonensis,bin64|Clostridiales,1,0
Simiaoa_sunii,bin64|Clostridiales,1,0
No_species_annotation,bin64|Clostridiales,26,0
Extibacter_muris,bin65|Clostridiales,297,0
Blautia_producta,bin65|Clostridiales,1,0
No_species_annotation,bin65|Clostridiales,121,0
Enterocloster_clostridioformis,bin66|Lachnospiraceae,2,0
Blautia_faecis,bin66|Lachnospiraceae,1,0
Clostridioides_difficile,bin66|Lachnospiraceae,2,0
Flavonifractor_plautii,bin66|Lachnospiraceae,2,0
Longicatena_caecimuris,bin66|Lachnospiraceae,1,0
Erysipelatoclostridium_cocleatum,bin66|Lachnospiraceae,1,0
Acetatifactor_aquisgranensis,bin66|Lachnospiraceae,1,0
Blautia_pseudococcoides,bin66|Lachnospiraceae,1,0
Clostridium_scindens,bin66|Lachnospiraceae,1,0
Schaedlerella_arabinosiphila,bin66|Lachnospiraceae,1,0
No_species_annotation,bin66|Lachnospiraceae,87,0
Enterocloster_clostridioformis,bin67|Clostridiales,434,0
Clostridium_bolteae,bin67|Clostridiales,1,0
No_species_annotation,bin67|Clostridiales,3,0
Mus_musculus,bin68|Eukaryota,35,0
Trichinella_nativa,bin68|Eukaryota,13,0
Trichinella_pseudospiralis,bin68|Eukaryota,3,0
No_species_annotation,bin68|Eukaryota,204,0
Schaedlerella_arabinosiphila,bin69|Schaedlerella_arabinosiphila*,165,0
Enterocloster_clostridioformis,bin69|Schaedlerella_arabinosiphila*,2,0
Clostridium_cocleatum,bin7|Clostridium_cocleatum,86,0
Erysipelatoclostridium_cocleatum,bin7|Clostridium_cocleatum,52,0
Erysipelatoclostridium_ramosum,bin7|Clostridium_cocleatum,3,0
No_species_annotation,bin7|Clostridium_cocleatum,14,0
Anaerotruncus_colihominis,bin70|Anaerotruncus_colihominis,27,0
Dysosmobacter_welbionis,bin70|Anaerotruncus_colihominis,1,0
Hungatella_hathewayi,bin70|Anaerotruncus_colihominis,1,0
No_species_annotation,bin70|Anaerotruncus_colihominis,1,0
Eisenbergiella_porci,bin71|Clostridiales,1,0
Ruthenibacterium_lactatiformans,bin71|Clostridiales,1,0
Blautia_faecis,bin71|Clostridiales,2,0
Faecalitalea_cylindroides,bin71|Clostridiales,3,0
Murdochiella_vaginalis,bin71|Clostridiales,1,0
Enterocloster_clostridioformis,bin71|Clostridiales,1,0
Coprococcus_comes,bin71|Clostridiales,1,0
Clostridium_lactatifermentans,bin71|Clostridiales,1,0
Vescimonas_fastidiosa,bin71|Clostridiales,1,0
Qiania_dongpingensis,bin71|Clostridiales,1,0
Clostridioides_difficile,bin71|Clostridiales,1,0
No_species_annotation,bin71|Clostridiales,37,0
Anaerostipes_caccae,bin72|Clostridiales,1,0
Anaerotruncus_spG3,bin72|Clostridiales,1,0
No_species_annotation,bin72|Clostridiales,39,0
Acutalibacter_muris,bin73|Clostridiales,1,0
No_species_annotation,bin73|Clostridiales,29,0
Mucispirillum_schaedleri,bin74|Mucispirillum_schaedleri*,104,0
Coprococcus_comes,bin75|Clostridiales,1,0
Enterocloster_bolteae,bin75|Clostridiales,4,0
Dorea_sp52,bin75|Clostridiales,1,0
Schaedlerella_arabinosiphila,bin75|Clostridiales,5,0
Dysosmobacter_welbionis,bin75|Clostridiales,1,0
Enterococcus_faecalis,bin75|Clostridiales,1,0
Blautia_pseudococcoides,bin75|Clostridiales,2,0
Flavonifractor_plautii,bin75|Clostridiales,1,0
Enterocloster_clostridioformis,bin75|Clostridiales,1,0
Hominisplanchenecus_murintestinalis,bin75|Clostridiales,1,0
Blautia_hansenii,bin75|Clostridiales,1,0
No_species_annotation,bin75|Clostridiales,53,0
Clostridium_scindens,bin76|Lachnospiraceae,152,0
No_species_annotation,bin76|Lachnospiraceae,1,0
Anaerotruncus_colihominis,bin77|Anaerotruncus_colihominis,1,0
Dorea_sp52,bin78|Clostridiales,2,0
Acetatifactor_aquisgranensis,bin78|Clostridiales,1,0
Acutalibacter_muris,bin78|Clostridiales,1,0
Marvinbryantia_formatexigens,bin78|Clostridiales,1,0
Enterocloster_clostridioformis,bin78|Clostridiales,1,0
Anaerostipes_caccae,bin78|Clostridiales,1,0
Clostridium_spMD294,bin78|Clostridiales,1,0
No_species_annotation,bin78|Clostridiales,108,0
Intestinimonas_butyriciproducens,bin79|Clostridiales,58,0
Schaedlerella_arabinosiphila,bin79|Clostridiales,1,0
Enterocloster_clostridioformis,bin79|Clostridiales,2,0
Clostridioides_difficile,bin8|Clostridiales,190,0
No_species_annotation,bin8|Clostridiales,3,0
Enterocloster_clostridioformis,bin80|Clostridiales,379,0
Enterocloster_aldenensis,bin80|Clostridiales,1,0
Clostridium_symbiosum,bin80|Clostridiales,1,0
No_species_annotation,bin80|Clostridiales,3,0
Enterococcus_faecium,bin81|Clostridiales,2,0
Clostridioides_difficile,bin81|Clostridiales,3,0
Erysipelatoclostridium_innocuum,bin81|Clostridiales,1,0
Erysipelatoclostridium_cocleatum,bin81|Clostridiales,1,0
Adlercreutzia_equolifaciens,bin81|Clostridiales,1,0
Clostridium_scindens,bin81|Clostridiales,2,0
Guopingia_tenuis,bin81|Clostridiales,1,0
Enterocloster_clostridioformis,bin81|Clostridiales,1,0
No_species_annotation,bin81|Clostridiales,133,0
Ligilactobacillus_murinus,bin82|Firmicutes,95,0
Schaedlerella_arabinosiphila,bin83|Clostridiales,2,0
Dorea_sp52,bin83|Clostridiales,2,0
Acutalibacter_muris,bin83|Clostridiales,1,0
Mediterraneibacter_agrestimuris,bin83|Clostridiales,1,0
Blautia_wexlerae,bin83|Clostridiales,1,0
Enterocloster_clostridioformis,bin83|Clostridiales,1,0
Enterocloster_bolteae,bin83|Clostridiales,1,0
Coprococcus_comes,bin83|Clostridiales,1,0
Anaerotruncus_spG3,bin83|Clostridiales,1,0
No_species_annotation,bin83|Clostridiales,125,0
Eisenbergiella_massiliensis,bin84|Clostridiales,67,0
Eisenbergiella_porci,bin84|Clostridiales,3,0
Blautia_faecis,bin84|Clostridiales,1,0
Ruthenibacterium_lactatiformans,bin84|Clostridiales,1,0
Enterocloster_bolteae,bin84|Clostridiales,3,0
Coprobacillus_cateniformis,bin84|Clostridiales,1,0
Hungatella_hathewayi,bin84|Clostridiales,1,0
Eubacterium_limosum,bin84|Clostridiales,1,0
Blautia_wexlerae,bin84|Clostridiales,1,0
Acetatifactor_aquisgranensis,bin9|Bacteria,5,0
Blautia_wexlerae,bin9|Bacteria,1,0
Dorea_sp52,bin9|Bacteria,2,0
Schaedlerella_arabinosiphila,bin9|Bacteria,4,0
Enterocloster_clostridioformis,bin9|Bacteria,1,0
Pusillibacter_faecalis,bin9|Bacteria,1,0
Clostridium_symbiosum,bin9|Bacteria,1,0
Enterocloster_lavalensis,bin9|Bacteria,1,0
Enterocloster_bolteae,bin9|Bacteria,1,0
No_species_annotation,bin9|Bacteria,172,0
Dysosmobacter_welbionis,Contig_not_selected_in_MAGs,1318,1
Clostridium_scindens,Contig_not_selected_in_MAGs,449,1
Lactococcus_lactis,Contig_not_selected_in_MAGs,927,1
Anaerostipes_faecis,Contig_not_selected_in_MAGs,810,1
Parabacteroides_goldsteinii,Contig_not_selected_in_MAGs,244,1
Enterocloster_clostridioformis,Contig_not_selected_in_MAGs,1617,1
Extibacter_muris,Contig_not_selected_in_MAGs,850,1
Erysipelatoclostridium_innocuum,Contig_not_selected_in_MAGs,50,1
Guopingia_tenuis,Contig_not_selected_in_MAGs,613,1
Anaerostipes_rhamnosivorans,Contig_not_selected_in_MAGs,29,1
Escherichia_coli,Contig_not_selected_in_MAGs,41,1
Flavonifractor_plautii,Contig_not_selected_in_MAGs,143,1
Enterocloster_aldenensis,Contig_not_selected_in_MAGs,129,1
Schaedlerella_arabinosiphila,Contig_not_selected_in_MAGs,457,1
Enterocloster_lavalensis,Contig_not_selected_in_MAGs,35,1
Blautia_pseudococcoides,Contig_not_selected_in_MAGs,176,1
Delftia_lacustris,Contig_not_selected_in_MAGs,128,1
Hominisplanchenecus_murintestinalis,Contig_not_selected_in_MAGs,329,1
Dorea_sp52,Contig_not_selected_in_MAGs,264,1
Blautia_faecis,Contig_not_selected_in_MAGs,10,1
Providencia_rettgeri,Contig_not_selected_in_MAGs,580,1
Coprobacillus_cateniformis,Contig_not_selected_in_MAGs,55,1
Acetatifactor_aquisgranensis,Contig_not_selected_in_MAGs,122,1
Anaerostipes_caccae,Contig_not_selected_in_MAGs,109,1
Mucispirillum_schaedleri,Contig_not_selected_in_MAGs,73,1
Mus_musculus,Contig_not_selected_in_MAGs,182,1
Anaerotruncus_spG3,Contig_not_selected_in_MAGs,183,1
Clostridioides_difficile,Contig_not_selected_in_MAGs,126,1
Enterococcus_faecalis,Contig_not_selected_in_MAGs,56,1
Enterococcus_faecium,Contig_not_selected_in_MAGs,45,1
Mediterraneibacter_agrestimuris,Contig_not_selected_in_MAGs,37,1
Adlercreutzia_equolifaciens,Contig_not_selected_in_MAGs,6,1
Blautia_coccoides,Contig_not_selected_in_MAGs,38,1
Trichinella_nativa,Contig_not_selected_in_MAGs,50,1
Enterocloster_bolteae,Contig_not_selected_in_MAGs,132,1
Pusillibacter_faecalis,Contig_not_selected_in_MAGs,19,1
Ligilactobacillus_murinus,Contig_not_selected_in_MAGs,94,1
Anaerostipes_hadrus,Contig_not_selected_in_MAGs,3,1
Eisenbergiella_porci,Contig_not_selected_in_MAGs,17,1
Eisenbergiella_massiliensis,Contig_not_selected_in_MAGs,37,1
Hungatella_hathewayi,Contig_not_selected_in_MAGs,31,1
Acutalibacter_muris,Contig_not_selected_in_MAGs,86,1
Enterococcus_avium,Contig_not_selected_in_MAGs,13,1
Trichinella_pseudospiralis,Contig_not_selected_in_MAGs,6,1
Clostridium_spMD294,Contig_not_selected_in_MAGs,73,1
Intestinimonas_butyriciproducens,Contig_not_selected_in_MAGs,39,1
Blautia_wexlerae,Contig_not_selected_in_MAGs,36,1
Akkermansia_muciniphila,Contig_not_selected_in_MAGs,1,1
Enterococcus_saigonensis,Contig_not_selected_in_MAGs,6,1
Clostridium_bolteae,Contig_not_selected_in_MAGs,10,1
Streptococcus_pyogenes,Contig_not_selected_in_MAGs,2,1
Longicatena_caecimuris,Contig_not_selected_in_MAGs,21,1
Faecalibacterium_prausnitzii,Contig_not_selected_in_MAGs,36,1
Oscillibacter_spCU971,Contig_not_selected_in_MAGs,54,1
Delftia_tsuruhatensis,Contig_not_selected_in_MAGs,10,1
Alicycliphilus_denitrificans,Contig_not_selected_in_MAGs,18,1
Erysipelatoclostridium_ramosum,Contig_not_selected_in_MAGs,12,1
Staphylococcus_xylosus,Contig_not_selected_in_MAGs,12,1
Blautia_producta,Contig_not_selected_in_MAGs,12,1
Clostridium_cocleatum,Contig_not_selected_in_MAGs,17,1
Erysipelatoclostridium_cocleatum,Contig_not_selected_in_MAGs,9,1
Qiania_dongpingensis,Contig_not_selected_in_MAGs,10,1
Murdochiella_vaginalis,Contig_not_selected_in_MAGs,4,1
Amedibacterium_intestinale,Contig_not_selected_in_MAGs,10,1
Eubacterium_maltosivorans,Contig_not_selected_in_MAGs,2,1
Clostridium_symbiosum,Contig_not_selected_in_MAGs,40,1
Mammaliicoccus_lentus,Contig_not_selected_in_MAGs,13,1
Anaerotruncus_colihominis,Contig_not_selected_in_MAGs,52,1
Clostridium_lavalense,Contig_not_selected_in_MAGs,7,1
Fusicatenibacter_saccharivorans,Contig_not_selected_in_MAGs,6,1
Lactococcus_cremoris,Contig_not_selected_in_MAGs,8,1
Mediterraneibacter_gnavus,Contig_not_selected_in_MAGs,13,1
Blautia_argi,Contig_not_selected_in_MAGs,4,1
Coprococcus_comes,Contig_not_selected_in_MAGs,6,1
Ruthenibacterium_lactatiformans,Contig_not_selected_in_MAGs,8,1
Butyrivibrio_fibrisolvens,Contig_not_selected_in_MAGs,3,1
Roseburia_hominis,Contig_not_selected_in_MAGs,5,1
Massilistercora_timonensis,Contig_not_selected_in_MAGs,1,1
Pseudomonas_balearica,Contig_not_selected_in_MAGs,2,1
Faecalibacterium_duncaniae,Contig_not_selected_in_MAGs,1,1
Roseburia_intestinalis,Contig_not_selected_in_MAGs,7,1
Delftia_acidovorans,Contig_not_selected_in_MAGs,6,1
Blautia_obeum,Contig_not_selected_in_MAGs,8,1
Bifidobacterium_thermophilum,Contig_not_selected_in_MAGs,2,1
Klebsiella_pneumoniae,Contig_not_selected_in_MAGs,1,1
Coprococcus_catus,Contig_not_selected_in_MAGs,2,1
Streptococcus_thermophilus,Contig_not_selected_in_MAGs,4,1
Bacteroides_thetaiotaomicron,Contig_not_selected_in_MAGs,1,1
Bifidobacterium_longum,Contig_not_selected_in_MAGs,1,1
Lactococcus_garvieae,Contig_not_selected_in_MAGs,2,1
Enterococcus_gallinarum,Contig_not_selected_in_MAGs,2,1
Christensenella_massiliensis,Contig_not_selected_in_MAGs,1,1
Shigella_boydii,Contig_not_selected_in_MAGs,1,1
Faecalitalea_cylindroides,Contig_not_selected_in_MAGs,2,1
Triticum_aestivum,Contig_not_selected_in_MAGs,6,1
Clostridium_lactatifermentans,Contig_not_selected_in_MAGs,3,1
Anaerotignum_lactatifermentans,Contig_not_selected_in_MAGs,3,1
Clostridium_innocuum,Contig_not_selected_in_MAGs,7,1
Streptococcus_suis,Contig_not_selected_in_MAGs,2,1
Streptococcus_acidominimus,Contig_not_selected_in_MAGs,1,1
Blautia_massiliensis,Contig_not_selected_in_MAGs,2,1
Streptococcus_parasuis,Contig_not_selected_in_MAGs,4,1
Enterocloster_citroniae,Contig_not_selected_in_MAGs,2,1
Blautia_hansenii,Contig_not_selected_in_MAGs,3,1
Adlercreutzia_hattorii,Contig_not_selected_in_MAGs,4,1
Vescimonas_fastidiosa,Contig_not_selected_in_MAGs,3,1
Bifidobacterium_breve,Contig_not_selected_in_MAGs,2,1
Homo_sapiens,Contig_not_selected_in_MAGs,2,1
Enterobacter_hormaechei,Contig_not_selected_in_MAGs,1,1
Lactococcus_raffinolactis,Contig_not_selected_in_MAGs,2,1
Vescimonas_coprocola,Contig_not_selected_in_MAGs,2,1
Mediterraneibacter_torques,Contig_not_selected_in_MAGs,3,1
Eggerthella_lenta,Contig_not_selected_in_MAGs,1,1
Pseudomonas_aeruginosa,Contig_not_selected_in_MAGs,1,1
Mammaliicoccus_sciuri,Contig_not_selected_in_MAGs,1,1
Faecalibacillus_intestinalis,Contig_not_selected_in_MAGs,1,1
Xanthomonas_campestris,Contig_not_selected_in_MAGs,2,1
Roseburia_inulinivorans,Contig_not_selected_in_MAGs,1,1
Providencia_stuartii,Contig_not_selected_in_MAGs,1,1
Staphylococcus_aureus,Contig_not_selected_in_MAGs,2,1
Pandoraea_pnomenusa,Contig_not_selected_in_MAGs,2,1
Solibaculum_mannosilyticum,Contig_not_selected_in_MAGs,1,1
Lactobacillus_amylovorus,Contig_not_selected_in_MAGs,1,1
Bifidobacterium_bifidum,Contig_not_selected_in_MAGs,2,1
Streptococcus_agalactiae,Contig_not_selected_in_MAGs,2,1
Enterococcus_durans,Contig_not_selected_in_MAGs,1,1
Coprococcus_eutactus,Contig_not_selected_in_MAGs,1,1
Treponema_succinifaciens,Contig_not_selected_in_MAGs,1,1
Shigella_flexneri,Contig_not_selected_in_MAGs,2,1
Salmonella_enterica,Contig_not_selected_in_MAGs,1,1
Eubacterium_limosum,Contig_not_selected_in_MAGs,1,1
Clostridium_saccharogumia,Contig_not_selected_in_MAGs,1,1
Achromobacter_denitrificans,Contig_not_selected_in_MAGs,1,1
Carnobacterium_divergens,Contig_not_selected_in_MAGs,1,1
